순번,목록명(서비스명),오퍼레이션명(상세 서비스명),API 호출 URL,
1,행정안전부_건강_병원 조회서비스,건강_병원 데이터 조회,http://apis.data.go.kr/1741000/hospitals/info,
2,행정안전부_건강_부속의료기관 조회서비스,건강_부속의료기관 데이터 조회,http://apis.data.go.kr/1741000/affiliated_medical_institutions/info,
3,행정안전부_건강_산후조리업 조회서비스,건강_산후조리업 데이터 조회,http://apis.data.go.kr/1741000/postpartum_care/info,
4,행정안전부_건강_안전상비의약품 판매업소 조회서비스,건강_안전상비의약품 판매업소 데이터 조회,http://apis.data.go.kr/1741000/over_the_counter_medicine_stores/info,
5,행정안전부_건강_약국 조회서비스,건강_약국 데이터 조회,http://apis.data.go.kr/1741000/pharmacies/info,
6,행정안전부_건강_응급환자이송업 조회서비스,건강_응급환자이송업 데이터 조회,http://apis.data.go.kr/1741000/emergency_patient_transport/info,
7,행정안전부_건강_의료법인 조회서비스,건강_의료법인 데이터 조회,http://apis.data.go.kr/1741000/medical_corporations/info,
8,행정안전부_건강_의료유사업 조회서비스,건강_의료유사업 데이터 조회,http://apis.data.go.kr/1741000/medical_related_businesses/info,
9,행정안전부_건강_의원 조회서비스,건강_의원 데이터 조회,http://apis.data.go.kr/1741000/clinics/info,
10,행정안전부_건강_안경업 조회서비스,건강_안경업 데이터 조회,http://apis.data.go.kr/1741000/optical_shops/info,
11,행정안전부_건강_의료기기수리업 조회서비스,건강_의료기기수리업 데이터 조회,http://apis.data.go.kr/1741000/medical_device_repair/info,
12,행정안전부_건강_의료기기판매(임대)업 조회서비스,건강_의료기기판매(임대)업 데이터 조회,http://apis.data.go.kr/1741000/medical_device_sales_rental/info,
13,행정안전부_건강_치과기공소 조회서비스,건강_치과기공소 데이터 조회,http://apis.data.go.kr/1741000/dental_labs/info,
14,행정안전부_동물_동물미용업 조회서비스,동물_동물미용업 데이터 조회,http://apis.data.go.kr/1741000/pet_grooming/info,
15,행정안전부_동물_동물병원 조회서비스,동물_동물병원 데이터 조회,http://apis.data.go.kr/1741000/animal_hospitals/info,
16,행정안전부_동물_동물생산업 조회서비스,동물_동물생산업 데이터 조회,http://apis.data.go.kr/1741000/animal_breeding/info,
17,행정안전부_동물_동물수입업 조회서비스,동물_동물수입업 데이터 조회,http://apis.data.go.kr/1741000/animal_import/info,
18,행정안전부_동물_동물약국 조회서비스,동물_동물약국 데이터 조회,http://apis.data.go.kr/1741000/animal_pharmacies/info,
19,행정안전부_동물_동물용의료용구판매업 조회서비스,동물_동물용의료용구판매업 데이터 조회,http://apis.data.go.kr/1741000/veterinary_medical_equipment_sales/info,
20,행정안전부_동물_동물용의약품도매상 조회서비스,동물_동물용의약품도매상 데이터 조회,http://apis.data.go.kr/1741000/veterinary_drug_wholesalers/info,
21,행정안전부_동물_동물운송업 조회서비스,동물_동물운송업 데이터 조회,http://apis.data.go.kr/1741000/animal_transport/info,
22,행정안전부_동물_동물위탁관리업 조회서비스,동물_동물위탁관리업 데이터 조회,http://apis.data.go.kr/1741000/animal_boarding/info,
23,행정안전부_동물_동물장묘업 조회서비스,동물_동물장묘업 데이터 조회,http://apis.data.go.kr/1741000/animal_cremation/info,
24,행정안전부_동물_동물전시업 조회서비스,동물_동물전시업 데이터 조회,http://apis.data.go.kr/1741000/animal_exhibition/info,
25,행정안전부_동물_동물판매업 조회서비스,동물_동물판매업 데이터 조회,http://apis.data.go.kr/1741000/animal_sales/info,
26,행정안전부_동물_가축사육업 조회서비스,동물_가축사육업 데이터 조회,http://apis.data.go.kr/1741000/livestock_farming_v2/info_v2,변경(2026.07.27.)
27,행정안전부_동물_가축인공수정소 조회서비스,동물_가축인공수정소 데이터 조회,http://apis.data.go.kr/1741000/artificial_insemination_centers/info,
28,행정안전부_동물_도축업 조회서비스,동물_도축업 데이터 조회,http://apis.data.go.kr/1741000/slaughterhouses/info,
29,행정안전부_동물_부화업 조회서비스,동물_부화업 데이터 조회,http://apis.data.go.kr/1741000/hatcheries_v2/info_v2,변경(2026.07.27.)
30,행정안전부_동물_사료제조업 조회서비스,동물_사료제조업 데이터 조회,http://apis.data.go.kr/1741000/feed_manufacturers/info,
31,행정안전부_동물_종축업 조회서비스,동물_종축업 데이터 조회,http://apis.data.go.kr/1741000/breeding_stock_businesses_v2/info_v2,변경(2026.07.27.)
32,행정안전부_식품_위탁급식영업 조회서비스,식품_위탁급식영업 데이터 조회,http://apis.data.go.kr/1741000/contract_catering/info,
33,행정안전부_식품_집단급식소 조회서비스,식품_집단급식소 데이터 조회,http://apis.data.go.kr/1741000/group_meal_facilities/info,
34,행정안전부_식품_건강기능식품유통전문판매업 조회서비스,식품_건강기능식품유통전문판매업 데이터 조회,http://apis.data.go.kr/1741000/health_functional_food_specialty_retailers/info,
35,행정안전부_식품_건강기능식품일반판매업 조회서비스,식품_건강기능식품일반판매업 데이터 조회,http://apis.data.go.kr/1741000/health_functional_food_general_retailers/info,
36,행정안전부_식품_식용얼음판매업 조회서비스,식품_식용얼음판매업 데이터 조회,http://apis.data.go.kr/1741000/edible_ice_retailers/info,
37,행정안전부_식품_식육포장처리업 조회서비스,식품_식육포장처리업 데이터 조회,http://apis.data.go.kr/1741000/meat_packers/info,
38,행정안전부_식품_식품냉동냉장업 조회서비스,식품_식품냉동냉장업 데이터 조회,http://apis.data.go.kr/1741000/food_freezing_refrigeration/info,
39,행정안전부_식품_식품소분업 조회서비스,식품_식품소분업 데이터 조회,http://apis.data.go.kr/1741000/food_repackagers/info,
40,행정안전부_식품_식품운반업 조회서비스,식품_식품운반업 데이터 조회,http://apis.data.go.kr/1741000/food_transporters/info,
41,행정안전부_식품_식품자동판매기업 조회서비스,식품_식품자동판매기업 데이터 조회,http://apis.data.go.kr/1741000/food_vending_machines/info,
42,행정안전부_식품_식품제조가공업 조회서비스,식품_식품제조가공업 데이터 조회,http://apis.data.go.kr/1741000/food_manufacturing_processors/info,
43,행정안전부_식품_식품첨가물제조업 조회서비스,식품_식품첨가물제조업 데이터 조회,http://apis.data.go.kr/1741000/food_additive_manufacturers/info,
44,행정안전부_식품_식품판매업(기타) 조회서비스,식품_식품판매업(기타) 데이터 조회,http://apis.data.go.kr/1741000/other_food_retailers/info,
45,행정안전부_식품_옹기류제조업 조회서비스,식품_옹기류제조업 데이터 조회,http://apis.data.go.kr/1741000/onggi_manufacturers/info,
46,행정안전부_식품_용기및포장지제조업 조회서비스,식품_용기및포장지제조업 데이터 조회,http://apis.data.go.kr/1741000/container_packaging_manufacturers/info,
47,행정안전부_식품_용기냉동기특정설비 조회서비스,식품_용기냉동기특정설비 데이터 조회,http://apis.data.go.kr/1741000/container_refrigeration_equipment/info,
48,행정안전부_식품_유통전문판매업 조회서비스,식품_유통전문판매업 데이터 조회,http://apis.data.go.kr/1741000/distribution_specialty_retailers/info,
49,행정안전부_식품_제과점영업 조회서비스,식품_제과점영업 데이터 조회,http://apis.data.go.kr/1741000/bakeries/info,
50,행정안전부_식품_즉석판매제조가공업 조회서비스,식품_즉석판매제조가공업 데이터 조회,http://apis.data.go.kr/1741000/instant_food_processors/info,
51,행정안전부_식품_집단급식소식품판매업,식품_집단급식소식품판매업 데이터 조회,http://apis.data.go.kr/1741000/group_meal_food_retailers/info,
52,행정안전부_식품_집유업 조회서비스,식품_집유업 데이터 조회,http://apis.data.go.kr/1741000/milk_collection/info,
53,행정안전부_식품_축산가공업 조회서비스,식품_축산가공업 데이터 조회,http://apis.data.go.kr/1741000/livestock_processing/info,
54,행정안전부_식품_축산물보관업 조회서비스,식품_축산물보관업 데이터 조회,http://apis.data.go.kr/1741000/livestock_storage/info,
55,행정안전부_식품_축산물운반업 조회서비스,식품_축산물운반업 데이터 조회,http://apis.data.go.kr/1741000/livestock_transport/info,
56,행정안전부_식품_축산판매업 조회서비스,식품_축산판매업 데이터 조회,http://apis.data.go.kr/1741000/livestock_retail/info,
57,행정안전부_식품_단란주점영업 조회서비스,식품_단란주점영업 데이터 조회,http://apis.data.go.kr/1741000/singing_bars/info,
58,행정안전부_식품_유흥주점영업 조회서비스,식품_유흥주점영업 데이터 조회,http://apis.data.go.kr/1741000/entertainment_bars/info,
59,행정안전부_식품_관광식당 조회서비스,식품_관광식당 데이터 조회,http://apis.data.go.kr/1741000/tourist_restaurants/info,
60,행정안전부_식품_관광유흥음식점업 조회서비스,식품_관광유흥음식점업 데이터 조회,http://apis.data.go.kr/1741000/tourist_entertainment_restaurants/info,
61,행정안전부_식품_외국인전용유흥음식점업 조회서비스,식품_외국인전용유흥음식점업 데이터 조회,http://apis.data.go.kr/1741000/foreigners_entertainment_restaurants/info,
62,행정안전부_식품_일반음식점 조회서비스,식품_일반음식점 데이터 조회,http://apis.data.go.kr/1741000/general_restaurants/info,
63,행정안전부_식품_휴게음식점 조회서비스,식품_휴게음식점 데이터 조회,http://apis.data.go.kr/1741000/rest_cafes/info,
64,행정안전부_문화_게임물배급업 조회서비스,문화_게임물배급업 데이터 조회,http://apis.data.go.kr/1741000/game_distributors/info,
65,행정안전부_문화_게임물제작업 조회서비스,문화_게임물제작업 데이터 조회,http://apis.data.go.kr/1741000/game_producers/info,
66,행정안전부_문화_복합영상물제공업 조회서비스,문화_복합영상물제공업 데이터 조회,http://apis.data.go.kr/1741000/mixed_video_content_providers/info,
67,행정안전부_문화_복합유통게임제공업 조회서비스,문화_복합유통게임제공업 데이터 조회,http://apis.data.go.kr/1741000/mixed_game_providers/info,
68,행정안전부_문화_인터넷컴퓨터게임시설제공업 조회서비스,문화_인터넷컴퓨터게임시설제공업 데이터 조회,http://apis.data.go.kr/1741000/pc_bangs/info,
69,행정안전부_문화_일반게임제공업 조회서비스,문화_일반게임제공업 데이터 조회,http://apis.data.go.kr/1741000/general_game_providers/info,
70,행정안전부_문화_청소년게임제공업 조회서비스,문화_청소년게임제공업 데이터 조회,http://apis.data.go.kr/1741000/youth_game_providers/info,
71,행정안전부_문화_공연장 조회서비스,문화_공연장 데이터 조회,http://apis.data.go.kr/1741000/performance_halls/info,
72,행정안전부_문화_관광공연장업 조회서비스,문화_관광공연장업 데이터 조회,http://apis.data.go.kr/1741000/tourist_performance_halls/info,
73,행정안전부_문화_관광극장유흥업 조회서비스,문화_관광극장유흥업 데이터 조회,http://apis.data.go.kr/1741000/tourist_theater_entertainment/info,
74,행정안전부_문화_관광궤도업 조회서비스,문화_관광궤도업 데이터 조회,http://apis.data.go.kr/1741000/tourist_railways/info,
75,행정안전부_문화_관광사업자 조회서비스,문화_관광사업자 데이터 조회,http://apis.data.go.kr/1741000/tourism_businesses/info,
76,행정안전부_문화_관광유람선업 조회서비스,문화_관광유람선업 데이터 조회,http://apis.data.go.kr/1741000/tourist_cruises/info,
77,행정안전부_문화_국제회의시설업 조회서비스,문화_국제회의시설업 데이터 조회,http://apis.data.go.kr/1741000/international_convention_facilities/info,
78,행정안전부_문화_박물관 및 미술관 조회서비스,문화_박물관 및 미술관 데이터 조회,http://apis.data.go.kr/1741000/museums_and_art_galleries/info,
79,행정안전부_문화_시내순환관광업 조회서비스,문화_시내순환관광업 데이터 조회,http://apis.data.go.kr/1741000/city_tour_businesses/info,
80,행정안전부_문화_테마파크업(기타) 조회서비스,문화_테마파크업(기타) 데이터 조회,http://apis.data.go.kr/1741000/amusement_facilities_other/info,
81,행정안전부_문화_일반테마파크업 조회서비스,문화_일반테마파크업 데이터 조회,http://apis.data.go.kr/1741000/general_amusement_facilities/info,
82,행정안전부_문화_전문휴양업 조회서비스,문화_전문휴양업 데이터 조회,http://apis.data.go.kr/1741000/special_resorts/info,
83,행정안전부_문화_전통사찰 조회서비스,문화_전통사찰 데이터 조회,http://apis.data.go.kr/1741000/traditional_temples/info,
84,행정안전부_문화_종합테마파크업 조회서비스,문화_종합테마파크업 데이터 조회,http://apis.data.go.kr/1741000/comprehensive_amusement_facilities/info,
85,행정안전부_문화_종합휴양업 조회서비스,문화_종합휴양업 데이터 조회,http://apis.data.go.kr/1741000/comprehensive_resorts/info,
86,행정안전부_문화_지방문화원 조회서비스,문화_지방문화원 데이터 조회,http://apis.data.go.kr/1741000/local_culture_centers/info,
87,행정안전부_문화_국제회의기획업 조회서비스,문화_국제회의기획업 데이터 조회,http://apis.data.go.kr/1741000/international_convention_planners/info,
88,행정안전부_문화_대중문화예술기획업 조회서비스,문화_대중문화예술기획업 데이터 조회,http://apis.data.go.kr/1741000/pop_culture_art_planners/info,
89,행정안전부_문화_문화예술법인 조회서비스,문화_문화예술법인 데이터 조회,http://apis.data.go.kr/1741000/cultural_art_corporations/info,
90,행정안전부_문화_노래연습장업 조회서비스,문화_노래연습장업 데이터 조회,http://apis.data.go.kr/1741000/karaoke_rooms/info,
91,행정안전부_문화_비디오물감상실업 조회서비스,문화_비디오물감상실업 데이터 조회,http://apis.data.go.kr/1741000/video_viewing_rooms/info,
92,행정안전부_문화_비디오물배급업 조회서비스,문화_비디오물배급업 데이터 조회,http://apis.data.go.kr/1741000/video_distributors/info,
93,행정안전부_문화_비디오물소극장업 조회서비스,문화_비디오물소극장업 데이터 조회,http://apis.data.go.kr/1741000/video_mini_theaters/info,
94,행정안전부_문화_비디오물시청제공업 조회서비스,문화_비디오물시청제공업 데이터 조회,http://apis.data.go.kr/1741000/video_streaming_providers/info,
95,행정안전부_문화_비디오물제작업 조회서비스,문화_비디오물제작업 데이터 조회,http://apis.data.go.kr/1741000/video_producers/info,
96,행정안전부_문화_관광숙박업 조회서비스,문화_관광숙박업 데이터 조회,http://apis.data.go.kr/1741000/tourist_accommodations/info,
97,행정안전부_문화_관광펜션업 조회서비스,문화_관광펜션업 데이터 조회,http://apis.data.go.kr/1741000/tourist_pensions/info,
98,행정안전부_문화_농어촌민박업 조회서비스,문화_농어촌민박업 데이터 조회,http://apis.data.go.kr/1741000/rural_homestays/info,
99,행정안전부_문화_숙박업 조회서비스,문화_숙박업 데이터 조회,http://apis.data.go.kr/1741000/lodgings/info,
100,행정안전부_문화_외국인관광도시민박업 조회서비스,문화_외국인관광도시민박업 데이터 조회,http://apis.data.go.kr/1741000/foreigner_city_homestays/info,
101,행정안전부_문화_일반야영장업 조회서비스,문화_일반야영장업 데이터 조회,http://apis.data.go.kr/1741000/general_campgrounds/info,
102,행정안전부_문화_자동차야영장업 조회서비스,문화_자동차야영장업 데이터 조회,http://apis.data.go.kr/1741000/auto_campgrounds/info,
103,행정안전부_문화_한옥체험업 조회서비스,문화_한옥체험업 데이터 조회,http://apis.data.go.kr/1741000/hanok_experience/info,
104,행정안전부_문화_국내여행업 조회서비스,문화_국내여행업 데이터 조회,http://apis.data.go.kr/1741000/domestic_travel_agencies/info,
105,행정안전부_문화_국내외여행업 조회서비스,문화_국내외여행업 데이터 조회,http://apis.data.go.kr/1741000/domestic_international_travel_agencies/info,
106,행정안전부_문화_종합여행업 조회서비스,문화_종합여행업 데이터 조회,http://apis.data.go.kr/1741000/comprehensive_travel_agencies/info,
107,행정안전부_문화_영화배급업 조회서비스,문화_영화배급업 데이터 조회,http://apis.data.go.kr/1741000/film_distributors/info,
108,행정안전부_문화_영화상영관 조회서비스,문화_영화상영관 데이터 조회,http://apis.data.go.kr/1741000/movie_theaters/info,
109,행정안전부_문화_영화상영업 조회서비스,문화_영화상영업 데이터 조회,http://apis.data.go.kr/1741000/film_screenings/info,
110,행정안전부_문화_영화수입업 조회서비스,문화_영화수입업 데이터 조회,http://apis.data.go.kr/1741000/film_importers/info,
111,행정안전부_문화_영화제작업 조회서비스,문화_영화제작업 데이터 조회,http://apis.data.go.kr/1741000/film_producers/info,
112,행정안전부_문화_온라인음악서비스제공업 조회서비스,문화_온라인음악서비스제공업 데이터 조회,http://apis.data.go.kr/1741000/online_music_services/info,
113,행정안전부_문화_음반및음악영상물배급업 조회서비스,문화_음반및음악영상물배급업 데이터 조회,http://apis.data.go.kr/1741000/music_video_distributors/info,
114,행정안전부_문화_음반및음악영상물제작업 조회서비스,문화_음반및음악영상물제작업 데이터 조회,http://apis.data.go.kr/1741000/music_video_producers/info,
115,행정안전부_문화_음반물배급업 조회서비스,문화_음반물배급업 데이터 조회,http://apis.data.go.kr/1741000/record_distributors/info,
116,행정안전부_문화_음반물제작업 조회서비스,문화_음반물제작업 데이터 조회,http://apis.data.go.kr/1741000/record_producers/info,
117,행정안전부_생활_미용업 조회서비스,생활_미용업 데이터 조회,http://apis.data.go.kr/1741000/beauty_salons/info,
118,행정안전부_생활_이용업 조회서비스,생활_이용업 데이터 조회,http://apis.data.go.kr/1741000/barber_shops/info,
119,행정안전부_생활_세탁업 조회서비스,생활_세탁업 데이터 조회,http://apis.data.go.kr/1741000/laundries/info,
120,행정안전부_생활_의료기관세탁물처리업 조회서비스,생활_의료기관세탁물처리업 데이터 조회,http://apis.data.go.kr/1741000/medical_laundry/info,
121,행정안전부_생활_다단계판매업체 조회서비스,생활_다단계판매업체 데이터 조회,http://apis.data.go.kr/1741000/multilevel_marketing/info,
122,행정안전부_생활_대규모점포 조회서비스,생활_대규모점포 데이터 조회,http://apis.data.go.kr/1741000/large_scale_retail_stores/info,
123,행정안전부_생활_방문판매업 조회서비스,생활_방문판매업 데이터 조회,http://apis.data.go.kr/1741000/door_to_door_sales/info,
124,행정안전부_생활_전화권유판매업 조회서비스,생활_전화권유판매업 데이터 조회,http://apis.data.go.kr/1741000/telemarketing_sales/info,
125,행정안전부_생활_통신판매업 조회서비스,생활_통신판매업 데이터 조회,http://apis.data.go.kr/1741000/ecommerce_businesses/info,
126,행정안전부_생활_후원방문판매업체 조회서비스,생활_후원방문판매업체 데이터 조회,http://apis.data.go.kr/1741000/sponsored_door_to_door_sales/info,
127,행정안전부_생활_골프연습장업 조회서비스,생활_골프연습장업 데이터 조회,http://apis.data.go.kr/1741000/golf_practice_ranges/info,
128,행정안전부_생활_골프장 조회서비스,생활_골프장 데이터 조회,http://apis.data.go.kr/1741000/golf_courses/info,
129,행정안전부_생활_당구장업 조회서비스,생활_당구장업 데이터 조회,http://apis.data.go.kr/1741000/billiard_halls/info,
130,행정안전부_생활_등록체육시설업 조회서비스,생활_등록체육시설업 데이터 조회,http://apis.data.go.kr/1741000/registered_sports_facilities/info,
131,행정안전부_생활_무도장업 조회서비스,생활_무도장업 데이터 조회,http://apis.data.go.kr/1741000/dance_halls/info,
132,행정안전부_생활_무도학원업 조회서비스,생활_무도학원업 데이터 조회,http://apis.data.go.kr/1741000/dance_academies/info,
133,행정안전부_생활_빙상장업 조회서비스,생활_빙상장업 데이터 조회,http://apis.data.go.kr/1741000/ice_rinks/info,
134,행정안전부_생활_수영장업 조회서비스,생활_수영장업 데이터 조회,http://apis.data.go.kr/1741000/swimming_pools/info,
135,행정안전부_생활_스키장 조회서비스,생활_스키장 데이터 조회,http://apis.data.go.kr/1741000/ski_resorts/info,
136,행정안전부_생활_승마장업 조회서비스,생활_승마장업 데이터 조회,http://apis.data.go.kr/1741000/horse_riding/info,
137,행정안전부_생활_썰매장업 조회서비스,생활_썰매장업 데이터 조회,http://apis.data.go.kr/1741000/sledding/info,
138,행정안전부_생활_요트장업 조회서비스,생활_요트장업 데이터 조회,http://apis.data.go.kr/1741000/yacht_marinas/info,
139,행정안전부_생활_종합체육시설업 조회서비스,생활_종합체육시설업 데이터 조회,http://apis.data.go.kr/1741000/comprehensive_sports_facilities/info,
140,행정안전부_생활_체력단련장업 조회서비스,생활_체력단련장업 데이터 조회,http://apis.data.go.kr/1741000/fitness_centers/info,
141,행정안전부_생활_체육도장업 조회서비스,생활_체육도장업 데이터 조회,http://apis.data.go.kr/1741000/martial_arts_dojo/info,
142,행정안전부_생활_목욕장업 조회서비스,생활_목욕장업 데이터 조회,http://apis.data.go.kr/1741000/public_baths/info,
143,행정안전부_자원환경_목재수입유통업 조회서비스,자원환경_목재수입유통업 데이터 조회,http://apis.data.go.kr/1741000/lumber_import_distribution/info,
144,행정안전부_자원환경_원목생산업 조회서비스,자원환경_원목생산업 데이터 조회,http://apis.data.go.kr/1741000/log_production/info,
145,행정안전부_자원환경_제재업 조회서비스,자원환경_제재업 데이터 조회,http://apis.data.go.kr/1741000/sawmills/info,
146,행정안전부_자원환경_계량기수리업 조회서비스,자원환경_계량기수리업 데이터 조회,http://apis.data.go.kr/1741000/weighing_instrument_repair/info,
147,행정안전부_자원환경_계량기수입업 조회서비스,자원환경_계량기수입업 데이터 조회,http://apis.data.go.kr/1741000/weighing_instrument_import/info,
148,행정안전부_자원환경_계량기제조업 조회서비스,자원환경_계량기제조업 데이터 조회,http://apis.data.go.kr/1741000/weighing_instrument_manufacturing/info,
149,행정안전부_자원환경_계량기증명업 조회서비스,자원환경_계량기증명업 데이터 조회,http://apis.data.go.kr/1741000/weighing_instrument_certification/info,
150,행정안전부_자원환경_고압가스업 조회서비스,자원환경_고압가스업 데이터 조회,http://apis.data.go.kr/1741000/high_pressure_gas/info,
151,행정안전부_자원환경_석연탄제조업 조회서비스,자원환경_석연탄제조업 데이터 조회,http://apis.data.go.kr/1741000/briquette_manufacturers/info,
152,행정안전부_자원환경_석유및석유대체연료판매업체 조회서비스,자원환경_석유및석유대체연료판매업체 데이터 조회,http://apis.data.go.kr/1741000/petroleum_alt_fuel_retailers/info,
153,행정안전부_자원환경_석유판매업 조회서비스,자원환경_석유판매업 데이터 조회,http://apis.data.go.kr/1741000/oil_retailers/info,
154,행정안전부_자원환경_액화석유가스용품제조업체 조회서비스,자원환경_액화석유가스용품제조업체 데이터 조회,http://apis.data.go.kr/1741000/lpg_equipment_manufacturers/info,
155,행정안전부_자원환경_일반도시가스업체 조회서비스,자원환경_일반도시가스업체 데이터 조회,http://apis.data.go.kr/1741000/city_gas_companies/info,
156,행정안전부_자원환경_전력기술감리업체 조회서비스,자원환경_전력기술감리업체 데이터 조회,http://apis.data.go.kr/1741000/power_supervision_companies/info,
157,행정안전부_자원환경_전력기술설계업체 조회서비스,자원환경_전력기술설계업체 데이터 조회,http://apis.data.go.kr/1741000/power_design_companies/info,
158,행정안전부_자원환경_특정고압가스업 조회서비스,자원환경_특정고압가스업 데이터 조회,http://apis.data.go.kr/1741000/specific_high_pressure_gas/info,
159,행정안전부_자원환경_지하수시공업체 조회서비스,자원환경_지하수시공업체 데이터 조회,http://apis.data.go.kr/1741000/groundwater_construction/info,
160,행정안전부_자원환경_지하수영향조사기관 조회서비스,자원환경_지하수영향조사기관 데이터 조회,http://apis.data.go.kr/1741000/groundwater_impact_assessment/info,
161,행정안전부_자원환경_지하수정화업체 조회서비스,자원환경_지하수정화업체 데이터 조회,http://apis.data.go.kr/1741000/groundwater_remediation/info,
162,행정안전부_자원환경_가축분뇨수집운반업 조회서비스,자원환경_가축분뇨수집운반업 데이터 조회,http://apis.data.go.kr/1741000/manure_collection_transport/info,
163,행정안전부_자원환경_가축분뇨배출시설관리업(사업장) 조회서비스,자원환경_가축분뇨배출시설관리업(사업장) 데이터 조회,http://apis.data.go.kr/1741000/manure_facility_management/info,
164,행정안전부_자원환경_개인하수처리시설관리업(사업장) 조회서비스,자원환경_개인하수처리시설관리업(사업장) 데이터 조회,http://apis.data.go.kr/1741000/small_sewage_facility_management/info,
165,행정안전부_자원환경_건물위생관리업 조회서비스,자원환경_건물위생관리업 데이터 조회,http://apis.data.go.kr/1741000/building_sanitation/info,
166,행정안전부_자원환경_건설폐기물처리업 조회서비스,자원환경_건설폐기물처리업 데이터 조회,http://apis.data.go.kr/1741000/construction_waste_disposal/info,
167,행정안전부_자원환경_급수공사대행업 조회서비스,자원환경_급수공사대행업 데이터 조회,http://apis.data.go.kr/1741000/water_supply_agents/info,
168,행정안전부_자원환경_단독정화조 및 오수처리시설설계시공업 조회서비스,자원환경_단독정화조/오수처리시설설계시공업 데이터 조회,http://apis.data.go.kr/1741000/septic_sewage_design_build/info,
169,행정안전부_자원환경_대기오염물질배출시설설치사업장 조회서비스,자원환경_대기오염물질배출시설설치사업장 데이터 조회,http://apis.data.go.kr/1741000/air_pollution_facility_installation/info,
170,행정안전부_자원환경_배출가스전문정비사업자(확인검사대행자) 조회서비스,자원환경_배출가스전문정비사업자(확인검사대행자) 데이터 조회,http://apis.data.go.kr/1741000/emission_inspection_agencies/info,
171,행정안전부_자원환경_분뇨수집운반업 조회서비스,자원환경_분뇨수집운반업 데이터 조회,http://apis.data.go.kr/1741000/night_soil_collection_transport/info,
172,행정안전부_자원환경_소독업 조회서비스,자원환경_소독업 데이터 조회,http://apis.data.go.kr/1741000/disinfection_companies/info,
173,행정안전부_자원환경_수질오염원설치시설(기타) 조회서비스,자원환경_수질오염원설치시설(기타) 데이터 조회,http://apis.data.go.kr/1741000/water_pollution_source_other/info,
174,행정안전부_자원환경_쓰레기종량제봉투판매업 조회서비스,자원환경_쓰레기종량제봉투판매업 데이터 조회,http://apis.data.go.kr/1741000/pay_as_you_throw_bag_retailers/info,
175,행정안전부_자원환경_저수조청소업 조회서비스,자원환경_저수조청소업 데이터 조회,http://apis.data.go.kr/1741000/water_tank_cleaning/info,
176,행정안전부_자원환경_환경관리대행기관 조회서비스,자원환경_환경관리대행기관 데이터 조회,http://apis.data.go.kr/1741000/environment_management_agencies/info,
177,행정안전부_자원환경_환경전문공사업 조회서비스,자원환경_환경전문공사업 데이터 조회,http://apis.data.go.kr/1741000/environment_contractors/info,
178,행정안전부_자원환경_환경측정대행업 조회서비스,자원환경_환경측정대행업 데이터 조회,http://apis.data.go.kr/1741000/environment_measurement_agencies/info,
179,행정안전부_자원환경_환경컨설팅회사 조회서비스,자원환경_환경컨설팅회사 데이터 조회,http://apis.data.go.kr/1741000/environment_consulting_companies/info,
180,행정안전부_기타_옥외광고업 조회서비스,기타_옥외광고업 데이터 조회,http://apis.data.go.kr/1741000/outdoor_advertising_companies/info,
181,행정안전부_기타_인쇄사 조회서비스,기타_인쇄사 데이터 조회,http://apis.data.go.kr/1741000/printing_shops/info,
182,행정안전부_기타_출판사 조회서비스,기타_출판사 데이터 조회,http://apis.data.go.kr/1741000/publishers/info,
183,행정안전부_기타_담배도매업 조회서비스,기타_담배도매업 데이터 조회,http://apis.data.go.kr/1741000/tobacco_wholesalers/info,
184,행정안전부_기타_담배소매업 조회서비스,기타_담배소매업 데이터 조회,http://apis.data.go.kr/1741000/tobacco_retailers/info,
185,행정안전부_기타_담배수입판매업체 조회서비스,기타_담배수입판매업체 데이터 조회,http://apis.data.go.kr/1741000/tobacco_import_retailers/info,
186,행정안전부_기타_국제물류주선업 조회서비스,기타_국제물류주선업 데이터 조회,http://apis.data.go.kr/1741000/international_logistics_forwarders/info,
187,행정안전부_기타_물류창고업체 조회서비스,기타_물류창고업체 데이터 조회,http://apis.data.go.kr/1741000/logistics_warehouses/info,
188,행정안전부_기타_민방위급수시설 조회서비스,기타_민방위급수시설 데이터 조회,http://apis.data.go.kr/1741000/civil_defense_water_facilities/info,
189,행정안전부_기타_상조업 조회서비스,기타_상조업 데이터 조회,http://apis.data.go.kr/1741000/funeral_service_providers/info,
190,행정안전부_기타_승강기유지관리업체 조회서비스,기타_승강기유지관리업체 데이터 조회,http://apis.data.go.kr/1741000/elevator_maintenance/info,
191,행정안전부_기타_승강기제조및수입업체 조회서비스,기타_승강기제조및수입업체 데이터 조회,http://apis.data.go.kr/1741000/elevator_manufacturers_importers/info,
192,행정안전부_기타_요양보호사교육기관 조회서비스,기타_요양보호사교육기관 데이터 조회,http://apis.data.go.kr/1741000/caregiver_training/info,
193,행정안전부_기타_장례지도사 교육기관 조회서비스,기타_장례지도사 교육기관 데이터 조회,http://apis.data.go.kr/1741000/funeral_director_training/info,
194,행정안전부_기타_무료직업소개소 조회서비스,기타_무료직업소개소 데이터 조회,http://apis.data.go.kr/1741000/free_job_centers/info,
195,행정안전부_기타_유료직업소개소 조회서비스,기타_유료직업소개소 데이터 조회,http://apis.data.go.kr/1741000/paid_job_centers/info,
